pitchrollN,Spacing,Correlation,MAE
pitch1,0-5,0.5847561694131073,6.62267430721485
pitch2,0-5,0.4849578809748167,8.346574872115424
pitch3,0-5,0.5690457356554672,4.553189455981637
pitch4,0-5,0.6798225352374971,4.114233532649564
pitch5,0-5,0.6481286960343164,7.073813967562465
